<?xml version="1.0" encoding="UTF-8"?>

<datasources>


<local-tx-datasource>
  <jndi-name>jdbc/gov.va.med.term.access.Database</jndi-name>
  <connection-url>jdbc:h2:tcp://localhost/data/vhasds</connection-url>
  <driver-class>org.h2.Driver</driver-class>
  <user-name>sa</user-name>
  <password></password>
  <transaction-isolation>TRANSACTION_READ_COMMITTED</transaction-isolation>
  <min-pool-size>5</min-pool-size>
  <max-pool-size>50</max-pool-size>
  <idle-timeout-minutes>0</idle-timeout-minutes>
  <prepared-statement-cache-size>32</prepared-statement-cache-size>
  <metadata>
    <!-- Note there is no H2 mapping (yet). H2 is compatible with postgres -->
      <type-mapping>PostgreSQL</type-mapping>
  </metadata>
</local-tx-datasource>




</datasources>
