{"success": true,"totalCount": 1,"root": [{
  "dfn": "8094",
  "text": "Checkout Sheet - NEW PATIENT - 04/30/2009\u000a\u000aBhlradhr,Cxthwe L is a 80 year old White, Not Hispanic Or Latino male with Active activity level and Diabetes for 17 years\u000a\u000aLaboratory (latest values in last 12 mo):\u000a  03/19/2009\u000a    CBC Hgb 14.4, plat 244\u000a    eGFR 100\u000a  04/22/2009\u000a    AST 19\u000a    ALT 5\u000a\u000aCardiovascular Risk Status\u000a  Primary Factors - HIGH - Known circulatory sequela, Angina, PVD, Carotid Bruit\u000a  Other Factors - HIGH - HTN, Low HDL (38), CHF\u000a\u000aMicrovascular Risk Status\u000a  Eye - INTERMEDIATE - Cataracts\u000a  Kidney - HIGH - Known renal sequela\u000a  Nerve - HIGH - Autonomic Neuropathy, Foot Lesions\u000a\u000aTreatment goals and status\u000a  A1c - goal <9.0% - current 5.4 - last 12 mo 5.4, 5.7, 5.4\u000a  LDL - goal <100.0 mg/dL - current 76.6 - last 12 mo: 114.5, 76.6\u000a  BP - goal <130/80 mmHg - current 130/73 - last 12 mo: 123/71 (avg of 28 values)\u000a\u000aActions:\u000a1. Order MAU test and RTC in 1 wk\u000a\u000a2. Start Simvastatin 20mg HS\u000a\u000a3. Start Aspirin 325 mg\u000a\u000a"
}]}